{
  "description": "this config allows for an easy way for developers to only compile what they are workig on, to speed things up. Ignore it from source control",
  "rootDir": "src",
  "files": [
    "manifest",
    "source/*.*",
    "source/**/*.*",
    "components/**/*.*",
    "!**/*.spec.bs",
    "**/BaseTest*.spec.bs",
    "**/CustomTestUtilsYouNeed.spec.bs",
    "**/File1YouAreRunning*.spec.bs",
    "**/File2YouAreRunning*.spec.bs"
  ],
  "autoImportComponentScript": true,
  "createPackage": false,
  "stagingFolderPath": "build",
  "plugins": [
    "rooibos-roku"
  ],
  "rooibos": {
    "isRecordingCodeCoverage": false,
    "testsFilePattern": null,
    "tags": ["!integration", "!deprecated", "!fixme"],
    "showOnlyFailures": true,
    "catchCrashes": true,
    "lineWidth": 70,
    "failFast": false,
    "sendHomeOnFinish": false
  },
  "sourceMap": true
}