{
  "rootDir": "src",
  "files": [
    "manifest",
    "source/*.*",
    "source/**/*.*",
    "components/**/*.*"
  ],
  "autoImportComponentScript": true,
  "createPackage": false,
  "stagingFolderPath": "build",
  "plugins": [
    "rooibos-roku"
  ],
  "rooibos": {
    "isRecordingCodeCoverage": false,
    "testsFilePattern": null,
    "tags": ["!integration", "!deprecated", "!fixme"],
    "showOnlyFailures": true,
    "catchCrashes": true,
    "lineWidth": 70,
    "failFast": false,
    "sendHomeOnFinish": false
  },
  "sourceMap": true
}